/* Se asume que: ACH_TIPUSACCES. ID = 1 = Libre; ID = 2 = Parcialmente restringido; ID = 3 = Restringido */
/* Se asume que: ACH_TIPUSDICTAMEN. ID = 1 = CP; ID = 2 = EP; ID = 3 = ET; ID = 4 = PD */
/* Se asume que: ACH_ENS. ID = 1 = Bajo; ID = 2 = Medio; ID = 3 = Alto */
/* Se asume que: ACH_LOPD. ID = 1 = Básico; ID = 2 = Medio; ID = 3 = Alto */
/* Se asume que: ACH_VALORSECUNDARI. ID = 1 = Sí; ID = 2 = No; ID = 3 = Sin cobertura de calificación */
/* Se asume que: ACH_TIPUSVALOR. ID = 1 = Administrativo; ID = 2 = Fiscal; ID = 3 = Jurídico; ID = 4 = Otros */
/* Se asume que: ACH_CAUSALIMITACIO. ID = 1 = A; ID = 2 = B; ... */
/* Se asume que se tiene cargado el QdC con las funciones CAIB que se pasaron para la versión 0 de Archium */
/* Hay algunos casos que no deberia dejara insertarlos, como por ejemplo una serie sin funcion padre o una valoracion sin valor secundario*/

/* CASOS DE SERIES NO INTEGRABLES CON ALFRESCO POR NO PASAR LAS VALIDACIONES (Apartado de errores de coherencia de datos) */ 

/* Serie de acceso libre, pero con causas de limitación */
INSERT INTO ACH_SERIEDOCUMENTAL
(ID, CODI, NOM, NOMCAS, DESCRIPCIO, ESTAT, FUNCIO_ID, CATALEGSERIES_ID) VALUES
(9997, 'SD09997', 'Sèrie test 9997', 'Serie test 9997...', 'Descripció sèrie de acceso libre, pero con limitaciones de acceso', 'ESBORRANY', 121, 1);

INSERT INTO ACH_DICTAMEN
(ID, SERIEDOCUMENTAL_ID, TIPUSDICTAMENT_ID, TIPUSACCES_ID, ENS_ID, LOPD_ID, SERIEESENCIAL, INICI, ESTAT) 
VALUES
(9996, 9997, 4, 1, 1, 1, 0, TO_DATE('01/12/2020 08:00:00', 'DD/MM/YYYY HH24:MI:SS'), 'ESBORRANY');


INSERT INTO ACH_VALORACIO
(ID, SERIEDOCUMENTAL_ID, VALORSECUNDARI_ID, INICI)
VALUES
(104, 9997, 2, TO_DATE('01/12/2020 12:12:00', 'DD/MM/YYYY HH24:MI:SS'));

INSERT INTO ACH_VALORPRIMARI
(VALORACIO_ID, TIPUSVALOR_ID, TERMINI)
VALUES
(104, 1, '5A');

INSERT INTO ACH_LIMITACIO_NORMATIVA_SERIE
(SERIEDOCUMENTAL_ID, NORMATIVA_ID, CAUSALIMITACIO_ID, INICI)
VALUES
(9997, 1, 1, SYSDATE);


/* Serie de acceso parcialmente restringido, pero sin causas de limitación */
INSERT INTO ACH_SERIEDOCUMENTAL
(ID, CODI, NOM, NOMCAS, DESCRIPCIO, ESTAT, FUNCIO_ID, CATALEGSERIES_ID) VALUES
(9996, 'SD09996', 'Sèrie test 9996', 'Serie test 9996...', 'Descripció sèrie de acceso parcialmente restringido, pero sin limitaciones de acceso', 'ESBORRANY', 121, 1);

INSERT INTO ACH_DICTAMEN
(ID, SERIEDOCUMENTAL_ID, TIPUSDICTAMENT_ID, TIPUSACCES_ID, ENS_ID, LOPD_ID, SERIEESENCIAL, INICI, ESTAT) 
VALUES
(9995, 9996, 4, 2, 1, 1, 0, TO_DATE('01/12/2020 08:00:00', 'DD/MM/YYYY HH24:MI:SS'), 'ESBORRANY');


INSERT INTO ACH_VALORACIO
(ID, SERIEDOCUMENTAL_ID, VALORSECUNDARI_ID, INICI)
VALUES
(105, 9996, 2, TO_DATE('01/12/2020 12:12:00', 'DD/MM/YYYY HH24:MI:SS'));

INSERT INTO ACH_VALORPRIMARI
(VALORACIO_ID, TIPUSVALOR_ID, TERMINI)
VALUES
(105, 1, '5A');


/* Serie sin función asignada */
INSERT INTO ACH_SERIEDOCUMENTAL
(ID, CODI, NOM, NOMCAS, DESCRIPCIO, ESTAT, FUNCIO_ID, CATALEGSERIES_ID) VALUES
(9995, 'SD09995', 'Sèrie test 9995', 'Serie test 9995...', 'Descripció sèrie sin función asignada', 'ESBORRANY', NULL, 1);

INSERT INTO ACH_DICTAMEN
(ID, SERIEDOCUMENTAL_ID, TIPUSDICTAMENT_ID, TIPUSACCES_ID, ENS_ID, LOPD_ID, SERIEESENCIAL, CONDICIOREUTILITZACIO, INICI, ESTAT) 
VALUES
(9994, 9995, 4, 1, 1, 1, 0, 'Enmascaramiento', TO_DATE('01/12/2020 08:00:00', 'DD/MM/YYYY HH24:MI:SS'), 'ESBORRANY');


INSERT INTO ACH_VALORACIO
(ID, SERIEDOCUMENTAL_ID, VALORSECUNDARI_ID, INICI)
VALUES
(106, 9995, 2, TO_DATE('01/12/2020 12:12:00', 'DD/MM/YYYY HH24:MI:SS'));

INSERT INTO ACH_VALORPRIMARI
(VALORACIO_ID, TIPUSVALOR_ID, TERMINI)
VALUES
(106, 1, '5A');


/* Serie sin nivel ENS */
INSERT INTO ACH_SERIEDOCUMENTAL
(ID, CODI, NOM, NOMCAS, DESCRIPCIO, ESTAT, FUNCIO_ID, CATALEGSERIES_ID) VALUES
(9994, 'SD09994', 'Sèrie test 9994', 'Serie test 9994...', 'Descripció sèrie sin ENS', 'ESBORRANY', 20, 1);

INSERT INTO ACH_DICTAMEN
(ID, SERIEDOCUMENTAL_ID, TIPUSDICTAMENT_ID, TIPUSACCES_ID, ENS_ID, LOPD_ID, SERIEESENCIAL, CONDICIOREUTILITZACIO, INICI, ESTAT) 
VALUES
(9993, 9994, 4, 1, NULL, 1, 0, 'Enmascaramiento', TO_DATE('01/12/2020 08:00:00', 'DD/MM/YYYY HH24:MI:SS'), 'ESBORRANY');


INSERT INTO ACH_VALORACIO
(ID, SERIEDOCUMENTAL_ID, VALORSECUNDARI_ID, INICI)
VALUES
(107, 9994, 2, TO_DATE('01/12/2020 12:12:00', 'DD/MM/YYYY HH24:MI:SS'));

INSERT INTO ACH_VALORPRIMARI
(VALORACIO_ID, TIPUSVALOR_ID, TERMINI)
VALUES
(107, 1, '5A');


/* Serie sin nivel LOPD */
INSERT INTO ACH_SERIEDOCUMENTAL
(ID, CODI, NOM, NOMCAS, DESCRIPCIO, ESTAT, FUNCIO_ID, CATALEGSERIES_ID) VALUES
(9993, 'SD09993', 'Sèrie test 9993', 'Serie test 9993...', 'Descripció sèrie sin LOPD', 'ESBORRANY', 20, 1);

INSERT INTO ACH_DICTAMEN
(ID, SERIEDOCUMENTAL_ID, TIPUSDICTAMENT_ID, TIPUSACCES_ID, ENS_ID, LOPD_ID, SERIEESENCIAL, CONDICIOREUTILITZACIO, INICI, ESTAT) 
VALUES
(9992, 9993, 4, 1, 1, NULL, 0, 'Enmascaramiento', TO_DATE('01/12/2020 08:00:00', 'DD/MM/YYYY HH24:MI:SS'), 'ESBORRANY');


INSERT INTO ACH_VALORACIO
(ID, SERIEDOCUMENTAL_ID, VALORSECUNDARI_ID, INICI)
VALUES
(108, 9993, 2, TO_DATE('01/12/2020 12:12:00', 'DD/MM/YYYY HH24:MI:SS'));

INSERT INTO ACH_VALORPRIMARI
(VALORACIO_ID, TIPUSVALOR_ID, TERMINI)
VALUES
(108, 1, '5A');


/* Serie sin tipo de acceso */
INSERT INTO ACH_SERIEDOCUMENTAL
(ID, CODI, NOM, NOMCAS, DESCRIPCIO, ESTAT, FUNCIO_ID, CATALEGSERIES_ID) VALUES
(9992, 'SD09992', 'Sèrie test 9992', 'Serie test 9992...', 'Descripció sèrie sin tipo de acceso', 'ESBORRANY', 20, 1);

INSERT INTO ACH_DICTAMEN
(ID, SERIEDOCUMENTAL_ID, TIPUSDICTAMENT_ID, TIPUSACCES_ID, ENS_ID, LOPD_ID, SERIEESENCIAL, CONDICIOREUTILITZACIO, INICI, ESTAT) 
VALUES
(9991, 9992, 4, NULL, 1, 1, 0, 'Enmascaramiento', TO_DATE('01/12/2020 08:00:00', 'DD/MM/YYYY HH24:MI:SS'), 'ESBORRANY');


INSERT INTO ACH_VALORACIO
(ID, SERIEDOCUMENTAL_ID, VALORSECUNDARI_ID, INICI)
VALUES
(109, 9992, 2, TO_DATE('01/12/2020 12:12:00', 'DD/MM/YYYY HH24:MI:SS'));

INSERT INTO ACH_VALORPRIMARI
(VALORACIO_ID, TIPUSVALOR_ID, TERMINI)
VALUES
(109, 1, '5A');


/* Serie sin describir el carácter esencial */
INSERT INTO ACH_SERIEDOCUMENTAL
(ID, CODI, NOM, NOMCAS, DESCRIPCIO, ESTAT, FUNCIO_ID, CATALEGSERIES_ID) VALUES
(9991, 'SD09991', 'Sèrie test 9991', 'Serie test 9991...', 'Descripció sèrie sin indicar el carácter esencial', 'ESBORRANY', 20, 1);

INSERT INTO ACH_DICTAMEN
(ID, SERIEDOCUMENTAL_ID, TIPUSDICTAMENT_ID, TIPUSACCES_ID, ENS_ID, LOPD_ID, SERIEESENCIAL, CONDICIOREUTILITZACIO, INICI, ESTAT) 
VALUES
(9990, 9991, 4, 1, 1, 1, NULL, 'Enmascaramiento', TO_DATE('01/12/2020 08:00:00', 'DD/MM/YYYY HH24:MI:SS'), 'ESBORRANY');


INSERT INTO ACH_VALORACIO
(ID, SERIEDOCUMENTAL_ID, VALORSECUNDARI_ID, INICI)
VALUES
(110, 9991, 2, TO_DATE('01/12/2020 12:12:00', 'DD/MM/YYYY HH24:MI:SS'));

INSERT INTO ACH_VALORPRIMARI
(VALORACIO_ID, TIPUSVALOR_ID, TERMINI)
VALUES
(110, 1, '5A');


/* Serie con dictamen para el que no se ha especificado el tipo de dictamen */
INSERT INTO ACH_SERIEDOCUMENTAL
(ID, CODI, NOM, NOMCAS, DESCRIPCIO, ESTAT, FUNCIO_ID, CATALEGSERIES_ID) VALUES
(9990, 'SD09990', 'Sèrie test 9990', 'Serie test 9990...', 'Descripció sèrie con dictamen sin tipo de dictamen', 'ESBORRANY', 20, 1);

INSERT INTO ACH_DICTAMEN
(ID, SERIEDOCUMENTAL_ID, TIPUSDICTAMENT_ID, TIPUSACCES_ID, ENS_ID, LOPD_ID, SERIEESENCIAL, CONDICIOREUTILITZACIO, INICI, ESTAT) 
VALUES
(9989, 9990, NULL, 1, 1, 1, 0, 'Enmascaramiento', TO_DATE('01/12/2020 08:00:00', 'DD/MM/YYYY HH24:MI:SS'), 'ESBORRANY');


INSERT INTO ACH_VALORACIO
(ID, SERIEDOCUMENTAL_ID, VALORSECUNDARI_ID, INICI)
VALUES
(111, 9990, 2, TO_DATE('01/12/2020 12:12:00', 'DD/MM/YYYY HH24:MI:SS'));

INSERT INTO ACH_VALORPRIMARI
(VALORACIO_ID, TIPUSVALOR_ID, TERMINI)
VALUES
(111, 1, '5A');


/* Serie sin valor primario */
INSERT INTO ACH_SERIEDOCUMENTAL
(ID, CODI, NOM, NOMCAS, DESCRIPCIO, ESTAT, FUNCIO_ID, CATALEGSERIES_ID) VALUES
(9989, 'SD09989', 'Sèrie test 9989', 'Serie test 9989...', 'Descripció sèrie sin valor primario', 'ESBORRANY', 20, 1);

INSERT INTO ACH_DICTAMEN
(ID, SERIEDOCUMENTAL_ID, TIPUSDICTAMENT_ID, TIPUSACCES_ID, ENS_ID, LOPD_ID, SERIEESENCIAL, CONDICIOREUTILITZACIO, INICI, ESTAT) 
VALUES
(9988, 9989, 4, 1, 1, 1, 0, 'Enmascaramiento', TO_DATE('01/12/2020 08:00:00', 'DD/MM/YYYY HH24:MI:SS'), 'ESBORRANY');


INSERT INTO ACH_VALORACIO
(ID, SERIEDOCUMENTAL_ID, VALORSECUNDARI_ID, INICI)
VALUES
(112, 9989, 2, TO_DATE('01/12/2020 12:12:00', 'DD/MM/YYYY HH24:MI:SS'));


/* Serie con valor primario, pero sin plazo */
INSERT INTO ACH_SERIEDOCUMENTAL
(ID, CODI, NOM, NOMCAS, DESCRIPCIO, ESTAT, FUNCIO_ID, CATALEGSERIES_ID) VALUES
(9988, 'SD09988', 'Sèrie test 9988', 'Serie test 9988...', 'Descripció sèrie con valor primario, pero sin plazo', 'ESBORRANY', 20, 1);

INSERT INTO ACH_DICTAMEN
(ID, SERIEDOCUMENTAL_ID, TIPUSDICTAMENT_ID, TIPUSACCES_ID, ENS_ID, LOPD_ID, SERIEESENCIAL, CONDICIOREUTILITZACIO, INICI, ESTAT) 
VALUES
(9987, 9988, 4, 1, 1, 1, 0, 'Enmascaramiento', TO_DATE('01/12/2020 08:00:00', 'DD/MM/YYYY HH24:MI:SS'), 'ESBORRANY');


INSERT INTO ACH_VALORACIO
(ID, SERIEDOCUMENTAL_ID, VALORSECUNDARI_ID, INICI)
VALUES
(113, 9988, 2, TO_DATE('01/12/2020 12:12:00', 'DD/MM/YYYY HH24:MI:SS'));

INSERT INTO ACH_VALORPRIMARI
(VALORACIO_ID, TIPUSVALOR_ID, TERMINI)
VALUES
(113, 1, NULL);


/* Serie sin valor secundario especificado */
INSERT INTO ACH_SERIEDOCUMENTAL
(ID, CODI, NOM, NOMCAS, DESCRIPCIO, ESTAT, FUNCIO_ID, CATALEGSERIES_ID) VALUES
(9987, 'SD09987', 'Sèrie test 9987', 'Serie test 9987...', 'Descripció sèrie sin valor secundario', 'ESBORRANY', 20, 1);

INSERT INTO ACH_DICTAMEN
(ID, SERIEDOCUMENTAL_ID, TIPUSDICTAMENT_ID, TIPUSACCES_ID, ENS_ID, LOPD_ID, SERIEESENCIAL, CONDICIOREUTILITZACIO, INICI, ESTAT) 
VALUES
(9986, 9987, 4, 1, 1, 1, 0, 'Enmascaramiento', TO_DATE('01/12/2020 08:00:00', 'DD/MM/YYYY HH24:MI:SS'), 'ESBORRANY');


INSERT INTO ACH_VALORACIO
(ID, SERIEDOCUMENTAL_ID, VALORSECUNDARI_ID, INICI)
VALUES
(114, 9987, NULL, TO_DATE('01/12/2020 12:12:00', 'DD/MM/YYYY HH24:MI:SS'));

INSERT INTO ACH_VALORPRIMARI
(VALORACIO_ID, TIPUSVALOR_ID, TERMINI)
VALUES
(114, 1, '20M');


/* Serie con tipo de dictamen ET, pero sin plazo especificado */
INSERT INTO ACH_SERIEDOCUMENTAL
(ID, CODI, NOM, NOMCAS, DESCRIPCIO, ESTAT, FUNCIO_ID, CATALEGSERIES_ID) VALUES
(9986, 'SD09986', 'Sèrie test 9986', 'Serie test 9986...', 'Descripció sèrie de eliminación total pero sin plazo del dictamen', 'ESBORRANY', 20, 1);

INSERT INTO ACH_DICTAMEN
(ID, SERIEDOCUMENTAL_ID, TIPUSDICTAMENT_ID, TIPUSACCES_ID, ENS_ID, LOPD_ID, SERIEESENCIAL, CONDICIOREUTILITZACIO, INICI, ESTAT, TERMINI) 
VALUES
(9985, 9986, 3, 1, 1, 1, 0, 'Enmascaramiento', TO_DATE('01/12/2020 08:00:00', 'DD/MM/YYYY HH24:MI:SS'), 'ESBORRANY', NULL);


INSERT INTO ACH_VALORACIO
(ID, SERIEDOCUMENTAL_ID, VALORSECUNDARI_ID, INICI)
VALUES
(115, 9986, 2, TO_DATE('01/12/2020 12:12:00', 'DD/MM/YYYY HH24:MI:SS'));

INSERT INTO ACH_VALORPRIMARI
(VALORACIO_ID, TIPUSVALOR_ID, TERMINI)
VALUES
(115, 1, '20M');


/* Serie con tipo de dictamen EP, pero sin tipos documentales en el dictamen */
INSERT INTO ACH_SERIEDOCUMENTAL
(ID, CODI, NOM, NOMCAS, DESCRIPCIO, ESTAT, FUNCIO_ID, CATALEGSERIES_ID) VALUES
(9985, 'SD09985', 'Sèrie test 9985', 'Serie test 9985...', 'Descripció sèrie de eliminación parcial pero sin indicar los tipos documentales que se conservan y eliminan', 'ESBORRANY', 20, 1);

INSERT INTO ACH_DICTAMEN
(ID, SERIEDOCUMENTAL_ID, TIPUSDICTAMENT_ID, TIPUSACCES_ID, ENS_ID, LOPD_ID, SERIEESENCIAL, CONDICIOREUTILITZACIO, INICI, ESTAT, TERMINI) 
VALUES
(9984, 9985, 2, 1, 1, 1, 0, 'Enmascaramiento', TO_DATE('01/12/2020 08:00:00', 'DD/MM/YYYY HH24:MI:SS'), 'ESBORRANY', '3A');


INSERT INTO ACH_VALORACIO
(ID, SERIEDOCUMENTAL_ID, VALORSECUNDARI_ID, INICI)
VALUES
(116, 9985, 2, TO_DATE('01/12/2020 12:12:00', 'DD/MM/YYYY HH24:MI:SS'));

INSERT INTO ACH_VALORPRIMARI
(VALORACIO_ID, TIPUSVALOR_ID, TERMINI)
VALUES
(116, 1, '20M');


/* Serie con tipo de dictamen EP con tipos documentales en el dictamen, pero sin plazo general del dictamen ni del documento (debe estar rellenado al menos uno) */
INSERT INTO ACH_SERIEDOCUMENTAL
(ID, CODI, NOM, NOMCAS, DESCRIPCIO, ESTAT, FUNCIO_ID, CATALEGSERIES_ID) VALUES
(9984, 'SD09984', 'Sèrie test 9984', 'Serie test 9984...', 'Descripció sèrie de eliminación parcial pero sin plazo', 'ESBORRANY', 20, 1);

INSERT INTO ACH_DICTAMEN
(ID, SERIEDOCUMENTAL_ID, TIPUSDICTAMENT_ID, TIPUSACCES_ID, ENS_ID, LOPD_ID, SERIEESENCIAL, CONDICIOREUTILITZACIO, INICI, ESTAT, TERMINI) 
VALUES
(9983, 9984, 2, 1, 1, 1, 0, 'Enmascaramiento', TO_DATE('01/12/2020 08:00:00', 'DD/MM/YYYY HH24:MI:SS'), 'ESBORRANY', '3A');


INSERT INTO ACH_VALORACIO
(ID, SERIEDOCUMENTAL_ID, VALORSECUNDARI_ID, INICI)
VALUES
(117, 9984, 2, TO_DATE('01/12/2020 12:12:00', 'DD/MM/YYYY HH24:MI:SS'));

INSERT INTO ACH_VALORPRIMARI
(VALORACIO_ID, TIPUSVALOR_ID, TERMINI)
VALUES
(117, 1, '20M');



/* Sentencias eliminación parcial */
INSERT INTO ACH_SERIEDOCUMENTAL
(ID, CODI, NOM, NOMCAS, DESCRIPCIO, ESTAT, FUNCIO_ID, CATALEGSERIES_ID) VALUES
(9980, 'SD09980', 'Sèrie test 9980', 'Serie test 9980', 'Descripció sèrie test 9980', 'ESBORRANY', 120, 1);

INSERT INTO ACH_DICTAMEN
(ID, SERIEDOCUMENTAL_ID, TIPUSDICTAMENT_ID, TIPUSACCES_ID, ENS_ID, LOPD_ID, CONDICIOREUTILITZACIO, SERIEESENCIAL, INICI, ESTAT, TERMINI)
VALUES
(9980, 9980, 2, 2, 1, 1, 'Enmascaramiento', 0, SYSDATE, 'ESBORRANY', '15A');

/* Dictamen que no se usará al transferir datos, por ser más antiguo entre los esborrany */
INSERT INTO ACH_DICTAMEN
(ID, SERIEDOCUMENTAL_ID, TIPUSDICTAMENT_ID, TIPUSACCES_ID, ENS_ID, LOPD_ID, SERIEESENCIAL, INICI, ESTAT)
VALUES
(9981, 9980, 4, 1, 1, 1, 0, TO_DATE('01/12/2020 08:00:00', 'DD/MM/YYYY HH24:MI:SS'), 'ESBORRANY');

/* Valoración con fecha de fin, no se tiene en cuenta */
INSERT INTO ACH_VALORACIO
(ID, SERIEDOCUMENTAL_ID, VALORSECUNDARI_ID, INICI, FI)
VALUES
(180, 9980, 1, TO_DATE('15/12/2020', 'DD/MM/YYYY'), SYSDATE);

INSERT INTO ACH_VALORPRIMARI
(VALORACIO_ID, TIPUSVALOR_ID, TERMINI)
VALUES
(180, 1, '8A');

INSERT INTO ACH_VALORACIO
(ID, SERIEDOCUMENTAL_ID, VALORSECUNDARI_ID, INICI)
VALUES
(181, 9980, 2, TO_DATE('16/12/2020', 'DD/MM/YYYY'));

INSERT INTO ACH_VALORPRIMARI
(VALORACIO_ID, TIPUSVALOR_ID, TERMINI)
VALUES
(181, 1, '7A');

INSERT INTO ACH_VALORPRIMARI
(VALORACIO_ID, TIPUSVALOR_ID, TERMINI)
VALUES
(181, 3, '12A');


INSERT INTO ACH_LIMITACIO_NORMATIVA_SERIE
(SERIEDOCUMENTAL_ID, NORMATIVA_ID, CAUSALIMITACIO_ID, INICI)
VALUES
(9980, 1, 1, SYSDATE);

INSERT INTO ACH_LIMITACIO_NORMATIVA_SERIE
(SERIEDOCUMENTAL_ID, NORMATIVA_ID, CAUSALIMITACIO_ID, INICI)
VALUES
(9980, 2, 1, SYSDATE);

INSERT INTO ACH_LIMITACIO_NORMATIVA_SERIE
(SERIEDOCUMENTAL_ID, NORMATIVA_ID, CAUSALIMITACIO_ID, INICI, FI)
VALUES
(9980, 3, 1, SYSDATE, TO_DATE('10/11/2020', 'DD/MM/YYYY'));

INSERT INTO ACH_LIMITACIO_NORMATIVA_SERIE
(SERIEDOCUMENTAL_ID, NORMATIVA_ID, CAUSALIMITACIO_ID, INICI)
VALUES
(9980, 1, 2, SYSDATE);



INSERT INTO ACH_DICTAMEN_TIPUSDOCUMENTAL
(DICTAMEN_ID, TIPUSDOCUMENTAL_ID, TIPUSDICTAMENT_ID, CONSERVABLE, INICI, TERMINI)
VALUES
(9980, 23, 2, 1, SYSDATE, '4A');


INSERT INTO ACH_DICTAMEN_TIPUSDOCUMENTAL
(DICTAMEN_ID, TIPUSDOCUMENTAL_ID, TIPUSDICTAMENT_ID, CONSERVABLE, INICI, TERMINI)
VALUES
(9980, 27, 2, 1, SYSDATE, '12A');

/* No tenido en cuenta al tener fecha de fin */
INSERT INTO ACH_DICTAMEN_TIPUSDOCUMENTAL
(DICTAMEN_ID, TIPUSDOCUMENTAL_ID, TIPUSDICTAMENT_ID, CONSERVABLE, INICI, FI, TERMINI)
VALUES
(9980, 28,2,  1, SYSDATE, SYSDATE, '5A');

INSERT INTO ACH_DICTAMEN_TIPUSDOCUMENTAL
(DICTAMEN_ID, TIPUSDOCUMENTAL_ID, TIPUSDICTAMENT_ID, CONSERVABLE, INICI, TERMINI)
VALUES
(9980, 32, 2, 0, SYSDATE, '2A');

/* Permitido porque el dictamen tiene un termini general */
INSERT INTO ACH_DICTAMEN_TIPUSDOCUMENTAL
(DICTAMEN_ID, TIPUSDOCUMENTAL_ID, TIPUSDICTAMENT_ID, CONSERVABLE, INICI, TERMINI)
VALUES
(9980, 50, 2, 1, SYSDATE, NULL);







/* Serie de acceso libre (sin causas de limitación), con dictamen de eliminación parcial */
/* El plazo de la acción dictaminada será el máximo de los plazos de los tipos documentales */
INSERT INTO ACH_SERIEDOCUMENTAL
(ID, CODI, NOM, NOMCAS, DESCRIPCIO, ESTAT, FUNCIO_ID, CATALEGSERIES_ID) VALUES
(9981, 'SD09981', 'Sèrie test 9981', 'Serie test 9981', 'Descripció sèrie test 9981', 'ESBORRANY', 120, 1);

INSERT INTO ACH_DICTAMEN
(ID, SERIEDOCUMENTAL_ID, TIPUSDICTAMENT_ID, TIPUSACCES_ID, ENS_ID, LOPD_ID, CONDICIOREUTILITZACIO, SERIEESENCIAL, INICI, ESTAT, TERMINI)
VALUES
(9982, 9981, 2, 1, 1, 1, 'Enmascaramiento', 0, SYSDATE, 'ESBORRANY', NULL);

INSERT INTO ACH_VALORACIO
(ID, SERIEDOCUMENTAL_ID, VALORSECUNDARI_ID, INICI)
VALUES
(182, 9981, 2, TO_DATE('16/12/2020', 'DD/MM/YYYY'));

INSERT INTO ACH_VALORPRIMARI
(VALORACIO_ID, TIPUSVALOR_ID, TERMINI)
VALUES
(182, 1, '5A');

INSERT INTO ACH_VALORPRIMARI
(VALORACIO_ID, TIPUSVALOR_ID, TERMINI)
VALUES
(182, 3, '10A');


INSERT INTO ACH_DICTAMEN_TIPUSDOCUMENTAL
(DICTAMEN_ID, TIPUSDOCUMENTAL_ID, TIPUSDICTAMENT_ID, CONSERVABLE, INICI, TERMINI)
VALUES
(9982, 23, 2, 1, SYSDATE, '8A');


INSERT INTO ACH_DICTAMEN_TIPUSDOCUMENTAL
(DICTAMEN_ID, TIPUSDOCUMENTAL_ID, TIPUSDICTAMENT_ID, CONSERVABLE, INICI, TERMINI)
VALUES
(9982, 27, 2, 0, SYSDATE, '4A');


/* Serie de acceso libre (sin causas de limitación), pendiente de dictamen */
/* Varias valoraciones vigentes. Se cogerá la última de ellas */
INSERT INTO ACH_SERIEDOCUMENTAL
(ID, CODI, NOM, NOMCAS, DESCRIPCIO, ESTAT, FUNCIO_ID, CATALEGSERIES_ID) VALUES
(9999, 'SD09999', 'Sèrie test 9999', 'Serie test 9999', 'Descripció sèrie test 9999', 'ESBORRANY', 120, 1);

INSERT INTO ACH_DICTAMEN
(ID, SERIEDOCUMENTAL_ID, TIPUSDICTAMENT_ID, TIPUSACCES_ID, ENS_ID, LOPD_ID, CONDICIOREUTILITZACIO, SERIEESENCIAL, INICI, ESTAT)
VALUES
(9999, 9999, 4, 1, 1, 1, 'Enmascaramiento', 0, SYSDATE, 'ESBORRANY');

INSERT INTO ACH_VALORACIO
(ID, SERIEDOCUMENTAL_ID, VALORSECUNDARI_ID, INICI)
VALUES
(100, 9999, 2, TO_DATE('25/11/2020', 'DD/MM/YYYY'));

INSERT INTO ACH_VALORPRIMARI
(VALORACIO_ID, TIPUSVALOR_ID, TERMINI)
VALUES
(100, 1, '5A');

INSERT INTO ACH_VALORACIO
(ID, SERIEDOCUMENTAL_ID, VALORSECUNDARI_ID, INICI)
VALUES
(101, 9999, 3, TO_DATE('01/12/2020', 'DD/MM/YYYY'));

INSERT INTO ACH_VALORPRIMARI
(VALORACIO_ID, TIPUSVALOR_ID, TERMINI)
VALUES
(101, 2, '6D');

INSERT INTO ACH_VALORPRIMARI
(VALORACIO_ID, TIPUSVALOR_ID, TERMINI)
VALUES
(101, 3, '7A');



/* Serie de acceso parcialmente restringido (con causas de limitación), dictamen eliminación parcial */
/* Varias limitaciones de acceso. Se cogen las vigentes (las que no tienen fecha de fin) */
/* Varios dictámenes. Ninguno VIGENT. Se coge el creado más recientemente */
INSERT INTO ACH_SERIEDOCUMENTAL
(ID, CODI, NOM, NOMCAS, DESCRIPCIO, ESTAT, FUNCIO_ID, CATALEGSERIES_ID) VALUES
(9998, 'SD09998', 'Sèrie test 9998', 'Serie test 9998...', 'Descripció sèrie test 9998', 'ESBORRANY', 121, 1);

INSERT INTO ACH_DICTAMEN
(ID, SERIEDOCUMENTAL_ID, TIPUSDICTAMENT_ID, TIPUSACCES_ID, ENS_ID, LOPD_ID, SERIEESENCIAL, INICI, ESTAT)
VALUES
(9998, 9998, 4, 1, 1, 1, 0, TO_DATE('01/12/2020 08:00:00', 'DD/MM/YYYY HH24:MI:SS'), 'ESBORRANY');

INSERT INTO ACH_DICTAMEN
(ID, SERIEDOCUMENTAL_ID, TIPUSDICTAMENT_ID, TIPUSACCES_ID, ENS_ID, LOPD_ID, SERIEESENCIAL, INICI, ESTAT, TERMINI)
VALUES
(9997, 9998, 3, 2, 2, 2, 1, TO_DATE('01/12/2020 12:00:00', 'DD/MM/YYYY HH24:MI:SS'), 'ESBORRANY', '6M');

INSERT INTO ACH_VALORACIO
(ID, SERIEDOCUMENTAL_ID, VALORSECUNDARI_ID, INICI)
VALUES
(103, 9998, 2, TO_DATE('01/12/2020 12:12:00', 'DD/MM/YYYY HH24:MI:SS'));

INSERT INTO ACH_VALORPRIMARI
(VALORACIO_ID, TIPUSVALOR_ID, TERMINI)
VALUES
(102, 1, '5A');

INSERT INTO ACH_LIMITACIO_NORMATIVA_SERIE
(SERIEDOCUMENTAL_ID, NORMATIVA_ID, CAUSALIMITACIO_ID, INICI)
VALUES
(9998, 1, 1, SYSDATE);

INSERT INTO ACH_LIMITACIO_NORMATIVA_SERIE
(SERIEDOCUMENTAL_ID, NORMATIVA_ID, CAUSALIMITACIO_ID, INICI)
VALUES
(9998, 2, 1, SYSDATE);

INSERT INTO ACH_LIMITACIO_NORMATIVA_SERIE
(SERIEDOCUMENTAL_ID, NORMATIVA_ID, CAUSALIMITACIO_ID, INICI, FI)
VALUES
(9998, 3, 1, SYSDATE, TO_DATE('10/11/2020', 'DD/MM/YYYY'));

INSERT INTO ACH_LIMITACIO_NORMATIVA_SERIE
(SERIEDOCUMENTAL_ID, NORMATIVA_ID, CAUSALIMITACIO_ID, INICI)
VALUES
(9998, 1, 2, SYSDATE);



